{"cameraMode":{"drawMode":0,"name":"Shaded","section":"Shading Mode"},"sceneLighting":true,"audioPlay":false,"sceneViewState":{"m_AlwaysRefresh":false,"showFog":true,"showSkybox":true,"showFlares":true,"showImageEffects":true,"showParticleSystems":true,"showVisualEffectGraphs":true,"m_FxEnabled":true},"in2DMode":false,"pivot":{"x":-2.184109926223755,"y":11.784930229187012,"z":-11.855192184448243},"rotation":{"x":0.20508892834186555,"y":-0.7946807742118836,"z":0.41852450370788576,"w":0.38911598920822146},"size":1.2096154689788819,"orthographic":false}